mh,clasificador,metric,value
GWO,KNN,presicion,0.981878078930222
GWO,KNN,recall,0.955421527270216
GWO,KNN,f1-score,0.968224852071006
GWO,KNN,presicion,0.9733133258736556
GWO,KNN,recall,0.9211445606321328
GWO,KNN,f1-score,0.9455002709763064
GWO,KNN,presicion,0.7811036554239508
GWO,KNN,recall,0.7186710481638572
GWO,KNN,f1-score,0.7452929648338713
GWO,KNN,presicion,0.9906797146349824
GWO,KNN,recall,0.9365968197696836
GWO,KNN,f1-score,0.9618501896834144
GWO,KNN,presicion,0.9067586252852884
GWO,KNN,recall,0.921553167856999
GWO,KNN,f1-score,0.9140031086618624
GWO,KNN,presicion,0.8323856209150327
GWO,KNN,recall,0.7926721185996857
GWO,KNN,f1-score,0.8110575180016246
GWO,KNN,presicion,0.9809656885576774
GWO,KNN,recall,0.9457127894061385
GWO,KNN,f1-score,0.9625766834519052
GWO,KNN,presicion,0.981878078930222
GWO,KNN,recall,0.955421527270216
GWO,KNN,f1-score,0.968224852071006
GWO,KNN,presicion,0.981878078930222
GWO,KNN,recall,0.955421527270216
GWO,KNN,f1-score,0.968224852071006
GWO,KNN,presicion,0.9661371640854924
GWO,KNN,recall,0.9448236370647038
GWO,KNN,f1-score,0.9551959056449036
GWO,KNN,presicion,0.9800406789970916
GWO,KNN,recall,0.9360040515420608
GWO,KNN,f1-score,0.9568196072755344
GWO,KNN,presicion,0.8968186538279996
GWO,KNN,recall,0.9112516617652984
GWO,KNN,f1-score,0.9038858273279636
GWO,KNN,presicion,0.981878078930222
GWO,KNN,recall,0.955421527270216
GWO,KNN,f1-score,0.968224852071006
GWO,KNN,presicion,0.9337391816459262
GWO,KNN,recall,0.8899436582432192
GWO,KNN,f1-score,0.9105101692989434
GWO,KNN,presicion,0.9698494022667288
GWO,KNN,recall,0.9354112833144376
GWO,KNN,f1-score,0.9518843072953068
GWO,KNN,presicion,0.9805048173424328
GWO,KNN,recall,0.9408584204740996
GWO,KNN,f1-score,0.9597119668212668
GWO,KNN,presicion,0.9738439084344754
GWO,KNN,recall,0.9259989295641716
GWO,KNN,f1-score,0.9484755520206036
GWO,KNN,presicion,0.9759199134199136
GWO,KNN,recall,0.9454164052923268
GWO,KNN,f1-score,0.9600932791731506
GWO,KNN,presicion,0.9910316484867108
GWO,KNN,recall,0.9414511887017224
GWO,KNN,f1-score,0.9647464303298868
GWO,KNN,presicion,0.90153405341017
GWO,KNN,recall,0.9306691374934536
GWO,KNN,f1-score,0.9155102426130464
GWO,KNN,presicion,0.981878078930222
GWO,KNN,recall,0.955421527270216
GWO,KNN,f1-score,0.968224852071006
GWO,KNN,presicion,0.9149080086580086
GWO,KNN,recall,0.941267027698966
GWO,KNN,f1-score,0.9276183783226036
GWO,KNN,presicion,0.8967317525983398
GWO,KNN,recall,0.9255183844476034
GWO,KNN,f1-score,0.910540256884402
GWO,KNN,presicion,0.9809656885576774
GWO,KNN,recall,0.9457127894061385
GWO,KNN,f1-score,0.9625766834519052
GWO,KNN,presicion,0.981878078930222
GWO,KNN,recall,0.955421527270216
GWO,KNN,f1-score,0.968224852071006
GWO,KNN,presicion,0.9620414201183431
GWO,KNN,recall,0.9493816218829312
GWO,KNN,f1-score,0.9556110518707396
GWO,KNN,presicion,0.981878078930222
GWO,KNN,recall,0.955421527270216
GWO,KNN,f1-score,0.968224852071006
GWO,KNN,presicion,0.8148366013071895
GWO,KNN,recall,0.7772198594621347
GWO,KNN,f1-score,0.7946277369582876
GWO,KNN,presicion,0.9738439084344754
GWO,KNN,recall,0.9259989295641716
GWO,KNN,f1-score,0.9484755520206036
GWO,KNN,presicion,0.9145965804719514
GWO,KNN,recall,0.922145936084622
GWO,KNN,f1-score,0.91833196459531
GWO,KNN,presicion,0.981878078930222
GWO,KNN,recall,0.955421527270216
GWO,KNN,f1-score,0.968224852071006
GWO,LightGBM,presicion,0.9685147755784778
GWO,LightGBM,recall,0.9642411127928592
GWO,LightGBM,f1-score,0.9663667570009034
GWO,LightGBM,presicion,0.983224852071006
GWO,LightGBM,recall,0.9699846340663324
GWO,LightGBM,f1-score,0.9764999686374504
GWO,LightGBM,presicion,0.9737129448935972
GWO,LightGBM,recall,0.9693918658387096
GWO,LightGBM,f1-score,0.9715411020776874
GWO,LightGBM,presicion,0.9873280518325914
GWO,LightGBM,recall,0.9605722803160665
GWO,LightGBM,f1-score,0.9735207100591716
GWO,LightGBM,presicion,0.983224852071006
GWO,LightGBM,recall,0.9699846340663324
GWO,LightGBM,f1-score,0.9764999686374504
GWO,LightGBM,presicion,0.9769322622666088
GWO,LightGBM,recall,0.9551251431564044
GWO,LightGBM,f1-score,0.9657380454931616
GWO,LightGBM,presicion,0.9877273604477252
GWO,LightGBM,recall,0.9654266492481052
GWO,LightGBM,f1-score,0.9762801853414196
GWO,LightGBM,presicion,0.9877273604477252
GWO,LightGBM,recall,0.9654266492481052
GWO,LightGBM,f1-score,0.9762801853414196
GWO,LightGBM,presicion,0.9873280518325914
GWO,LightGBM,recall,0.9605722803160665
GWO,LightGBM,f1-score,0.9735207100591716
GWO,LightGBM,presicion,0.9737129448935972
GWO,LightGBM,recall,0.9693918658387096
GWO,LightGBM,f1-score,0.9715411020776874
GWO,LightGBM,presicion,0.9784218208676996
GWO,LightGBM,recall,0.969688249952521
GWO,LightGBM,f1-score,0.9740091534244028
GWO,LightGBM,presicion,0.9938165680473372
GWO,LightGBM,recall,0.9802861401580332
GWO,LightGBM,f1-score,0.9869444270208058
GWO,LightGBM,presicion,0.9873280518325914
GWO,LightGBM,recall,0.9605722803160665
GWO,LightGBM,f1-score,0.9735207100591716
GWO,LightGBM,presicion,0.9927780247349608
GWO,LightGBM,recall,0.9657230333619168
GWO,LightGBM,f1-score,0.9788165680473372
GWO,LightGBM,presicion,0.9881248917322248
GWO,LightGBM,recall,0.970281018180144
GWO,LightGBM,f1-score,0.9790138871791264
GWO,LightGBM,presicion,0.992081974848626
GWO,LightGBM,recall,0.956014295497839
GWO,LightGBM,f1-score,0.9732690596085036
GWO,LightGBM,presicion,0.9827787036539256
GWO,LightGBM,recall,0.9651302651342936
GWO,LightGBM,f1-score,0.973767358973908
GWO,LightGBM,presicion,0.983668349072918
GWO,LightGBM,recall,0.9748390029983712
GWO,LightGBM,f1-score,0.9792073227395224
GWO,LightGBM,presicion,0.986926898858717
GWO,LightGBM,recall,0.9557179113840276
GWO,LightGBM,f1-score,0.9707350713936438
GWO,LightGBM,presicion,0.9931249095382836
GWO,LightGBM,recall,0.9705774022939556
GWO,LightGBM,f1-score,0.9815512552655484
GWO,LightGBM,presicion,0.9827787036539256
GWO,LightGBM,recall,0.9651302651342936
GWO,LightGBM,f1-score,0.973767358973908
GWO,LightGBM,presicion,0.9789111142087168
GWO,LightGBM,recall,0.9745426188845598
GWO,LightGBM,f1-score,0.9767154471544716
GWO,LightGBM,presicion,0.9726331360946744
GWO,LightGBM,recall,0.9596831279746318
GWO,LightGBM,f1-score,0.966055510254095
GWO,LightGBM,presicion,0.992081974848626
GWO,LightGBM,recall,0.956014295497839
GWO,LightGBM,f1-score,0.9732690596085036
GWO,LightGBM,presicion,0.9793969878165988
GWO,LightGBM,recall,0.9793969878165988
GWO,LightGBM,f1-score,0.9793969878165988
GWO,LightGBM,presicion,0.983668349072918
GWO,LightGBM,recall,0.9748390029983712
GWO,LightGBM,f1-score,0.9792073227395224
GWO,LightGBM,presicion,0.984109283523836
GWO,LightGBM,recall,0.9796933719304102
GWO,LightGBM,f1-score,0.9818897922312556
GWO,LightGBM,presicion,0.9927780247349608
GWO,LightGBM,recall,0.9657230333619168
GWO,LightGBM,f1-score,0.9788165680473372
GWO,LightGBM,presicion,0.9927780247349608
GWO,LightGBM,recall,0.9657230333619168
GWO,LightGBM,f1-score,0.9788165680473372
GWO,LightGBM,presicion,0.9889148772781364
GWO,LightGBM,recall,0.9799897560442216
GWO,LightGBM,f1-score,0.9844054920546418
GWO,LightGBM,presicion,0.9747752988411352
GWO,LightGBM,recall,0.9791006037027872
GWO,LightGBM,f1-score,0.9769267456399284
GWO,RandomForest,presicion,0.9731752926624812
GWO,RandomForest,recall,0.9645374969066708
GWO,RandomForest,f1-score,0.9688109841092836
GWO,RandomForest,presicion,0.982329811357167
GWO,RandomForest,recall,0.9602758962022548
GWO,RandomForest,f1-score,0.9710091154172906
GWO,RandomForest,presicion,0.969671046628342
GWO,RandomForest,recall,0.9739498506569368
GWO,RandomForest,f1-score,0.9717993557821346
GWO,RandomForest,presicion,0.9784218208676996
GWO,RandomForest,recall,0.969688249952521
GWO,RandomForest,f1-score,0.9740091534244028
GWO,RandomForest,presicion,0.969095481724898
GWO,RandomForest,recall,0.969095481724898
GWO,RandomForest,f1-score,0.969095481724898
GWO,RandomForest,presicion,0.9827787036539256
GWO,RandomForest,recall,0.9651302651342936
GWO,RandomForest,f1-score,0.973767358973908
GWO,RandomForest,presicion,0.9737129448935972
GWO,RandomForest,recall,0.9693918658387096
GWO,RandomForest,f1-score,0.9715411020776874
GWO,RandomForest,presicion,0.9399524599048124
GWO,RandomForest,recall,0.9718751618602564
GWO,RandomForest,f1-score,0.9552701284422008
GWO,RandomForest,presicion,0.9679287644572628
GWO,RandomForest,recall,0.9593867438608203
GWO,RandomForest,f1-score,0.963612814794164
GWO,RandomForest,presicion,0.9731752926624812
GWO,RandomForest,recall,0.9645374969066708
GWO,RandomForest,f1-score,0.9688109841092836
GWO,RandomForest,presicion,0.969095481724898
GWO,RandomForest,recall,0.969095481724898
GWO,RandomForest,f1-score,0.969095481724898
GWO,RandomForest,presicion,0.9924303915781189
GWO,RandomForest,recall,0.9608686644298778
GWO,RandomForest,f1-score,0.9760559675038905
GWO,RandomForest,presicion,0.984109283523836
GWO,RandomForest,recall,0.9796933719304102
GWO,RandomForest,f1-score,0.9818897922312556
GWO,RandomForest,presicion,0.9633166062633584
GWO,RandomForest,recall,0.9590903597470088
GWO,RandomForest,f1-score,0.9611924119241192
GWO,RandomForest,presicion,0.9731752926624812
GWO,RandomForest,recall,0.9645374969066708
GWO,RandomForest,f1-score,0.9688109841092836
GWO,RandomForest,presicion,0.9673372781065088
GWO,RandomForest,recall,0.9545323749287816
GWO,RandomForest,f1-score,0.9608332810624172
GWO,RandomForest,presicion,0.981878078930222
GWO,RandomForest,recall,0.955421527270216
GWO,RandomForest,f1-score,0.968224852071006
GWO,RandomForest,presicion,0.9731752926624812
GWO,RandomForest,recall,0.9645374969066708
GWO,RandomForest,f1-score,0.9688109841092836
GWO,RandomForest,presicion,0.9759199134199136
GWO,RandomForest,recall,0.9454164052923268
GWO,RandomForest,f1-score,0.9600932791731506
GWO,RandomForest,presicion,0.9500070651405964
GWO,RandomForest,recall,0.9582012074055744
GWO,RandomForest,f1-score,0.9540617300848616
GWO,RandomForest,presicion,0.9784218208676996
GWO,RandomForest,recall,0.969688249952521
GWO,RandomForest,f1-score,0.9740091534244028
GWO,RandomForest,presicion,0.980358909142292
GWO,RandomForest,recall,0.9891057256806765
GWO,RandomForest,f1-score,0.9846872433616204
GWO,RandomForest,presicion,0.9779289940828402
GWO,RandomForest,recall,0.9648338810204822
GWO,RandomForest,f1-score,0.9712777394457728
GWO,RandomForest,presicion,0.9900880554795144
GWO,RandomForest,recall,0.9945528628403382
GWO,RandomForest,f1-score,0.9923089152133096
GWO,RandomForest,presicion,0.9917327378562826
GWO,RandomForest,recall,0.9511599265658002
GWO,RandomForest,f1-score,0.9704554423355956
GWO,RandomForest,presicion,0.9645667944155488
GWO,RandomForest,recall,0.9687990976110864
GWO,RandomForest,f1-score,0.966671965924341
GWO,RandomForest,presicion,0.9713684397576646
GWO,RandomForest,recall,0.9885129574530532
GWO,RandomForest,f1-score,0.9797654373322028
GWO,RandomForest,presicion,0.992081974848626
GWO,RandomForest,recall,0.956014295497839
GWO,RandomForest,f1-score,0.9732690596085036
GWO,RandomForest,presicion,0.9865238317031516
GWO,RandomForest,recall,0.9508635424519888
GWO,RandomForest,f1-score,0.9679228715302044
GWO,RandomForest,presicion,0.9769322622666088
GWO,RandomForest,recall,0.9551251431564044
GWO,RandomForest,f1-score,0.9657380454931616
GWO,RandomForest,presicion,0.9910316484867108
GWO,RandomForest,recall,0.9414511887017224
GWO,RandomForest,f1-score,0.9647464303298868
PSO,KNN,presicion,0.7797385620915033
PSO,KNN,recall,0.7463153411870327
PSO,KNN,f1-score,0.7617681748716136
PSO,KNN,presicion,0.7866704231049853
PSO,KNN,recall,0.7283797860279349
PSO,KNN,f1-score,0.7536423925846265
PSO,KNN,presicion,0.8341723777534885
PSO,KNN,recall,0.7410523650301276
PSO,KNN,f1-score,0.7789031620553359
PSO,KNN,presicion,0.7909263412109713
PSO,KNN,recall,0.7426465087102398
PSO,KNN,f1-score,0.764213669209153
PSO,KNN,presicion,0.7751460312261165
PSO,KNN,recall,0.7320486185047277
PSO,KNN,f1-score,0.7514272919758027
PSO,KNN,presicion,0.8570312063864233
PSO,KNN,recall,0.7944504232825548
PSO,KNN,f1-score,0.8222669825103902
PSO,KNN,presicion,0.8070674928822643
PSO,KNN,recall,0.753244398915752
PSO,KNN,f1-score,0.7771284383860448
PSO,KNN,presicion,0.7708333333333333
PSO,KNN,recall,0.7132239110041954
PSO,KNN,f1-score,0.7379719488909372
PSO,KNN,presicion,0.8109485393242566
PSO,KNN,recall,0.7535407830295635
PSO,KNN,f1-score,0.7788317144106298
PSO,KNN,presicion,0.7302325581395348
PSO,KNN,recall,0.6595294686379567
PSO,KNN,f1-score,0.6871962009531549
PSO,KNN,presicion,0.8320493496343437
PSO,KNN,recall,0.7738474110991534
PSO,KNN,f1-score,0.7996977104482176
PSO,KNN,presicion,0.8325951552708448
PSO,KNN,recall,0.8020844723499518
PSO,KNN,f1-score,0.8164833309210209
PSO,KNN,presicion,0.8293280726924916
PSO,KNN,recall,0.7219312734157838
PSO,KNN,f1-score,0.7635601666726708
PSO,KNN,presicion,0.791437908496732
PSO,KNN,recall,0.7566168472787334
PSO,KNN,f1-score,0.7727213622338382
PSO,KNN,presicion,0.8185562717265353
PSO,KNN,recall,0.7025137976876284
PSO,KNN,f1-score,0.7456186367376585
PSO,KNN,presicion,0.7536733688352535
PSO,KNN,recall,0.7162999752533652
PSO,KNN,f1-score,0.7332091290172333
PSO,KNN,presicion,0.7478779735460055
PSO,KNN,recall,0.6974752677528329
PSO,KNN,f1-score,0.7192669124801557
PSO,KNN,presicion,0.8220304959483486
PSO,KNN,recall,0.7261928741201996
PSO,KNN,f1-score,0.764411687286128
PSO,KNN,presicion,0.7959584506044101
PSO,KNN,recall,0.7523552465743175
PSO,KNN,f1-score,0.7721161310355535
PSO,KNN,presicion,0.7574113211858113
PSO,KNN,recall,0.707480389730722
PSO,KNN,f1-score,0.7292520797675437
PSO,KNN,presicion,0.7860038076521525
PSO,KNN,recall,0.7144094474594413
PSO,KNN,f1-score,0.7441928844457513
PSO,KNN,presicion,0.8000311350359282
PSO,KNN,recall,0.7107406149826486
PSO,KNN,f1-score,0.7462895093850609
PSO,KNN,presicion,0.792698014731788
PSO,KNN,recall,0.7055898619367982
PSO,KNN,f1-score,0.7402487834180385
PSO,KNN,presicion,0.7604124759142017
PSO,KNN,recall,0.7123347586627609
PSO,KNN,f1-score,0.7334638609563999
PSO,KNN,presicion,0.777375730994152
PSO,KNN,recall,0.7183746640500457
PSO,KNN,f1-score,0.7437308071570705
PSO,KNN,presicion,0.8031372549019608
PSO,KNN,recall,0.766918353370434
PSO,KNN,f1-score,0.783674549596063
PSO,KNN,presicion,0.7957531273205003
PSO,KNN,recall,0.738384908005824
PSO,KNN,f1-score,0.7634518170600645
PSO,KNN,presicion,0.8109485393242566
PSO,KNN,recall,0.7535407830295635
PSO,KNN,f1-score,0.7788317144106298
PSO,KNN,presicion,0.9120206661443666
PSO,KNN,recall,0.835952831763169
PSO,KNN,f1-score,0.8695674213190894
PSO,KNN,presicion,0.7873607926629544
PSO,KNN,recall,0.7423501245964284
PSO,KNN,f1-score,0.7625990990780138
PSO,KNN,presicion,0.8008220286942445
PSO,KNN,recall,0.7480936458699017
PSO,KNN,f1-score,0.7714861203705017
PSO,LightGBM,presicion,0.9885207100591716
PSO,LightGBM,recall,0.9751353871121828
PSO,LightGBM,f1-score,0.9817221978291282
PSO,LightGBM,presicion,0.983224852071006
PSO,LightGBM,recall,0.9699846340663324
PSO,LightGBM,f1-score,0.9764999686374504
PSO,LightGBM,presicion,0.982329811357167
PSO,LightGBM,recall,0.9602758962022548
PSO,LightGBM,f1-score,0.9710091154172906
PSO,LightGBM,presicion,0.992081974848626
PSO,LightGBM,recall,0.956014295497839
PSO,LightGBM,f1-score,0.9732690596085036
PSO,LightGBM,presicion,0.9873280518325914
PSO,LightGBM,recall,0.9605722803160665
PSO,LightGBM,f1-score,0.9735207100591716
PSO,LightGBM,presicion,0.9979338842975208
PSO,LightGBM,recall,0.9660194174757282
PSO,LightGBM,f1-score,0.9813768636141368
PSO,LightGBM,presicion,0.9873280518325914
PSO,LightGBM,recall,0.9605722803160665
PSO,LightGBM,f1-score,0.9735207100591716
PSO,LightGBM,presicion,0.9931249095382836
PSO,LightGBM,recall,0.9705774022939556
PSO,LightGBM,f1-score,0.9815512552655484
PSO,LightGBM,presicion,0.9827787036539256
PSO,LightGBM,recall,0.9651302651342936
PSO,LightGBM,f1-score,0.973767358973908
PSO,LightGBM,presicion,0.9982279976373302
PSO,LightGBM,recall,0.970873786407767
PSO,LightGBM,f1-score,0.984112426035503
PSO,LightGBM,presicion,0.9976401179941004
PSO,LightGBM,recall,0.9611650485436892
PSO,LightGBM,f1-score,0.978615247686803
PSO,LightGBM,presicion,0.983224852071006
PSO,LightGBM,recall,0.9699846340663324
PSO,LightGBM,f1-score,0.9764999686374504
PSO,LightGBM,presicion,0.9979338842975208
PSO,LightGBM,recall,0.9660194174757282
PSO,LightGBM,f1-score,0.9813768636141368
PSO,LightGBM,presicion,0.9885207100591716
PSO,LightGBM,recall,0.9751353871121828
PSO,LightGBM,f1-score,0.9817221978291282
PSO,LightGBM,presicion,0.9873280518325914
PSO,LightGBM,recall,0.9605722803160665
PSO,LightGBM,f1-score,0.9735207100591716
PSO,LightGBM,presicion,0.9979338842975208
PSO,LightGBM,recall,0.9660194174757282
PSO,LightGBM,f1-score,0.9813768636141368
PSO,LightGBM,presicion,0.9885207100591716
PSO,LightGBM,recall,0.9751353871121828
PSO,LightGBM,f1-score,0.9817221978291282
PSO,LightGBM,presicion,0.983224852071006
PSO,LightGBM,recall,0.9699846340663324
PSO,LightGBM,f1-score,0.9764999686374504
PSO,LightGBM,presicion,0.9985224586288416
PSO,LightGBM,recall,0.9757281553398058
PSO,LightGBM,f1-score,0.9868223251896776
PSO,LightGBM,presicion,0.9809656885576774
PSO,LightGBM,recall,0.9457127894061385
PSO,LightGBM,f1-score,0.9625766834519052
PSO,LightGBM,presicion,0.9779289940828402
PSO,LightGBM,recall,0.9648338810204822
PSO,LightGBM,f1-score,0.9712777394457728
PSO,LightGBM,presicion,0.9877273604477252
PSO,LightGBM,recall,0.9654266492481052
PSO,LightGBM,f1-score,0.9762801853414196
PSO,LightGBM,presicion,0.9985224586288416
PSO,LightGBM,recall,0.9757281553398058
PSO,LightGBM,f1-score,0.9868223251896776
PSO,LightGBM,presicion,0.9924303915781189
PSO,LightGBM,recall,0.9608686644298778
PSO,LightGBM,f1-score,0.9760559675038905
PSO,LightGBM,presicion,0.9877273604477252
PSO,LightGBM,recall,0.9654266492481052
PSO,LightGBM,f1-score,0.9762801853414196
PSO,LightGBM,presicion,0.9881248917322248
PSO,LightGBM,recall,0.970281018180144
PSO,LightGBM,f1-score,0.9790138871791264
PSO,LightGBM,presicion,0.993471079810524
PSO,LightGBM,recall,0.9754317712259944
PSO,LightGBM,f1-score,0.9842604153843448
PSO,LightGBM,presicion,0.9827787036539256
PSO,LightGBM,recall,0.9651302651342936
PSO,LightGBM,f1-score,0.973767358973908
PSO,LightGBM,presicion,0.9931249095382836
PSO,LightGBM,recall,0.9705774022939556
PSO,LightGBM,f1-score,0.9815512552655484
PSO,LightGBM,presicion,0.983224852071006
PSO,LightGBM,recall,0.9699846340663324
PSO,LightGBM,f1-score,0.9764999686374504
PSO,LightGBM,presicion,0.9731752926624812
PSO,LightGBM,recall,0.9645374969066708
PSO,LightGBM,f1-score,0.9688109841092836
PSO,RandomForest,presicion,0.9562934530706836
PSO,RandomForest,recall,0.7900765994670841
PSO,RandomForest,f1-score,0.8523959990946908
PSO,RandomForest,presicion,0.9499227137019076
PSO,RandomForest,recall,0.866857350038271
PSO,RandomForest,f1-score,0.9035933114097616
PSO,RandomForest,presicion,0.9853024018026322
PSO,RandomForest,recall,0.9363004356558722
PSO,RandomForest,f1-score,0.9593228042267924
PSO,RandomForest,presicion,0.9903267973856208
PSO,RandomForest,recall,0.9317424508376448
PSO,RandomForest,f1-score,0.9589255473916576
PSO,RandomForest,presicion,0.9800406789970916
PSO,RandomForest,recall,0.9360040515420608
PSO,RandomForest,f1-score,0.9568196072755344
PSO,RandomForest,presicion,0.9657154684328596
PSO,RandomForest,recall,0.901430700790166
PSO,RandomForest,f1-score,0.9308665701630932
PSO,RandomForest,presicion,0.9814234061393152
PSO,RandomForest,recall,0.9505671583381772
PSO,RandomForest,f1-score,0.9654141752833972
PSO,RandomForest,presicion,0.974890857085508
PSO,RandomForest,recall,0.9357076674282492
PSO,RandomForest,f1-score,0.9543402290641022
PSO,RandomForest,presicion,0.9899728513960724
PSO,RandomForest,recall,0.926888081905606
PSO,RandomForest,f1-score,0.9559720582447856
PSO,RandomForest,presicion,0.9720863274973268
PSO,RandomForest,recall,0.954828759042593
PSO,RandomForest,f1-score,0.9632743025634714
PSO,RandomForest,presicion,0.9698494022667288
PSO,RandomForest,recall,0.9354112833144376
PSO,RandomForest,f1-score,0.9518843072953068
PSO,RandomForest,presicion,0.9700189753320684
PSO,RandomForest,recall,0.8920183470398997
PSO,RandomForest,f1-score,0.927018516659976
PSO,RandomForest,presicion,0.9805048173424328
PSO,RandomForest,recall,0.9408584204740996
PSO,RandomForest,f1-score,0.9597119668212668
PSO,RandomForest,presicion,0.9840609291295932
PSO,RandomForest,recall,0.9217373288597556
PSO,RandomForest,f1-score,0.9504685655253836
PSO,RandomForest,presicion,0.9779289940828402
PSO,RandomForest,recall,0.9648338810204822
PSO,RandomForest,f1-score,0.9712777394457728
PSO,RandomForest,presicion,0.928690988590558
PSO,RandomForest,recall,0.7888910630118381
PSO,RandomForest,f1-score,0.8433969935104701
PSO,RandomForest,presicion,0.9705822142155256
PSO,RandomForest,recall,0.8968727159719385
PSO,RandomForest,f1-score,0.9301762056111804
PSO,RandomForest,presicion,0.9686987156335344
PSO,RandomForest,recall,0.92570254545036
PSO,RandomForest,f1-score,0.946024509094418
PSO,RandomForest,presicion,0.9590580517140138
PSO,RandomForest,recall,0.8914255788122767
PSO,RandomForest,f1-score,0.9221859959633596
PSO,RandomForest,presicion,0.986926898858717
PSO,RandomForest,recall,0.9557179113840276
PSO,RandomForest,f1-score,0.9707350713936438
PSO,RandomForest,presicion,0.9913826423606492
PSO,RandomForest,recall,0.9463055576337612
PSO,RandomForest,f1-score,0.9676147054566508
PSO,RandomForest,presicion,0.986926898858717
PSO,RandomForest,recall,0.9557179113840276
PSO,RandomForest,f1-score,0.9707350713936438
PSO,RandomForest,presicion,0.9832209555821032
PSO,RandomForest,recall,0.912028590995678
PSO,RandomForest,f1-score,0.944418568545257
PSO,RandomForest,presicion,0.965528160223114
PSO,RandomForest,recall,0.939969268132665
PSO,RandomForest,f1-score,0.9523372781065088
PSO,RandomForest,presicion,0.966325162330156
PSO,RandomForest,recall,0.9062850697222048
PSO,RandomForest,f1-score,0.9339580873671782
PSO,RandomForest,presicion,0.9910316484867108
PSO,RandomForest,recall,0.9414511887017224
PSO,RandomForest,f1-score,0.9647464303298868
PSO,RandomForest,presicion,0.977666648862301
PSO,RandomForest,recall,0.9117322068818664
PSO,RandomForest,f1-score,0.9419279189369982
PSO,RandomForest,presicion,0.974890857085508
PSO,RandomForest,recall,0.9357076674282492
PSO,RandomForest,f1-score,0.9543402290641022
PSO,RandomForest,presicion,0.928116928116928
PSO,RandomForest,recall,0.8128665235582209
PSO,RandomForest,f1-score,0.8603259669517258
PSO,RandomForest,presicion,0.9800406789970916
PSO,RandomForest,recall,0.9360040515420608
PSO,RandomForest,f1-score,0.9568196072755344
PSO,RandomForest,presicion,0.9583674527786876
PSO,RandomForest,recall,0.8865712098802379
PSO,RandomForest,f1-score,0.9190043985089694
WOA,KNN,presicion,0.7690272797581382
WOA,KNN,recall,0.6761672642307537
WOA,KNN,f1-score,0.7112197051308072
WOA,KNN,presicion,0.7608087900656655
WOA,KNN,recall,0.7077767738445335
WOA,KNN,f1-score,0.7307254058483126
WOA,KNN,presicion,0.7331512107236926
WOA,KNN,recall,0.6370359286606315
WOA,KNN,f1-score,0.6702641787486726
WOA,KNN,presicion,0.7765822242531559
WOA,KNN,recall,0.722932648868273
WOA,KNN,f1-score,0.7463519484138041
WOA,KNN,presicion,0.8248396501457727
WOA,KNN,recall,0.7404595968025046
WOA,KNN,f1-score,0.7753469538737954
WOA,KNN,presicion,0.8362165710292842
WOA,KNN,recall,0.774143795212965
WOA,KNN,f1-score,0.8015156411377446
WOA,KNN,presicion,0.8004904028685931
WOA,KNN,recall,0.6967702764141551
WOA,KNN,f1-score,0.7360610208184797
WOA,KNN,presicion,0.8085337293653967
WOA,KNN,recall,0.7486864140975247
WOA,KNN,f1-score,0.7748517294909048
WOA,KNN,presicion,0.7956346047414349
WOA,KNN,recall,0.7244145694373305
WOA,KNN,f1-score,0.7543137254901962
WOA,KNN,presicion,0.6749713661248122
WOA,KNN,recall,0.7874897128814866
WOA,KNN,f1-score,0.7132900432900433
WOA,KNN,presicion,0.6749713661248122
WOA,KNN,recall,0.7874897128814866
WOA,KNN,f1-score,0.7132900432900433
WOA,KNN,presicion,0.7770482124763645
WOA,KNN,recall,0.6998463406633249
WOA,KNN,f1-score,0.7310984403375708
WOA,KNN,presicion,0.4712290502793296
WOA,KNN,recall,0.5
WOA,KNN,f1-score,0.4851883807880356
WOA,KNN,presicion,0.8343023255813953
WOA,KNN,recall,0.7316400112798614
WOA,KNN,f1-score,0.7722302434124915
WOA,KNN,presicion,0.6749713661248122
WOA,KNN,recall,0.7874897128814866
WOA,KNN,f1-score,0.7132900432900433
WOA,KNN,presicion,0.8475702530662941
WOA,KNN,recall,0.8220947163057303
WOA,KNN,f1-score,0.8342681695727231
WOA,KNN,presicion,0.7294322132097335
WOA,KNN,recall,0.6458555141832747
WOA,KNN,f1-score,0.6765274022713437
WOA,KNN,presicion,0.7690272797581382
WOA,KNN,recall,0.6761672642307537
WOA,KNN,f1-score,0.7112197051308072
WOA,KNN,presicion,0.7820856361301848
WOA,KNN,recall,0.7326413867323507
WOA,KNN,f1-score,0.7545591663238722
WOA,KNN,presicion,0.7916292235801582
WOA,KNN,recall,0.724118185323519
WOA,KNN,f1-score,0.7526896926135246
WOA,KNN,presicion,0.7942497103128621
WOA,KNN,recall,0.6870615385500775
WOA,KNN,f1-score,0.7267755727923
WOA,KNN,presicion,0.8901169552622644
WOA,KNN,recall,0.8107918347615404
WOA,KNN,f1-score,0.8453103395298818
WOA,KNN,presicion,0.7618409617612978
WOA,KNN,recall,0.666458526366676
WOA,KNN,f1-score,0.7016514875318218
WOA,KNN,presicion,0.6749713661248122
WOA,KNN,recall,0.7874897128814866
WOA,KNN,f1-score,0.7132900432900433
WOA,KNN,presicion,0.9156157877497544
WOA,KNN,recall,0.8505159385592855
WOA,KNN,f1-score,0.8799030736512305
WOA,KNN,presicion,0.7739134652696935
WOA,KNN,recall,0.694991971731286
WOA,KNN,f1-score,0.7266372980910425
WOA,KNN,presicion,0.9002877878803572
WOA,KNN,recall,0.8113846029891634
WOA,KNN,f1-score,0.849491297401833
WOA,KNN,presicion,0.7928744703064545
WOA,KNN,recall,0.7195602005052917
WOA,KNN,f1-score,0.7500735077918259
WOA,KNN,presicion,0.7556266504974429
WOA,KNN,recall,0.6843940815257739
WOA,KNN,f1-score,0.7131716696934088
WOA,KNN,presicion,0.7853648944276479
WOA,KNN,recall,0.7004391088909478
WOA,KNN,f1-score,0.7342080574510161
WOA,KNN,presicion,0.7893628262980522
WOA,KNN,recall,0.7332341549599737
WOA,KNN,f1-score,0.7577518608446443
WOA,LightGBM,presicion,0.993471079810524
WOA,LightGBM,recall,0.9754317712259944
WOA,LightGBM,f1-score,0.9842604153843448
WOA,LightGBM,presicion,0.9685147755784778
WOA,LightGBM,recall,0.9642411127928592
WOA,LightGBM,f1-score,0.9663667570009034
WOA,LightGBM,presicion,0.993471079810524
WOA,LightGBM,recall,0.9754317712259944
WOA,LightGBM,f1-score,0.9842604153843448
WOA,LightGBM,presicion,0.9976401179941004
WOA,LightGBM,recall,0.9611650485436892
WOA,LightGBM,f1-score,0.978615247686803
WOA,LightGBM,presicion,0.9877273604477252
WOA,LightGBM,recall,0.9654266492481052
WOA,LightGBM,f1-score,0.9762801853414196
WOA,LightGBM,presicion,0.9985224586288416
WOA,LightGBM,recall,0.9757281553398058
WOA,LightGBM,f1-score,0.9868223251896776
WOA,LightGBM,presicion,0.9938165680473372
WOA,LightGBM,recall,0.9802861401580332
WOA,LightGBM,f1-score,0.9869444270208058
WOA,LightGBM,presicion,0.9985224586288416
WOA,LightGBM,recall,0.9757281553398058
WOA,LightGBM,f1-score,0.9868223251896776
WOA,LightGBM,presicion,0.9938165680473372
WOA,LightGBM,recall,0.9802861401580332
WOA,LightGBM,f1-score,0.9869444270208058
WOA,LightGBM,presicion,0.9924303915781189
WOA,LightGBM,recall,0.9608686644298778
WOA,LightGBM,f1-score,0.9760559675038905
WOA,LightGBM,presicion,0.992081974848626
WOA,LightGBM,recall,0.956014295497839
WOA,LightGBM,f1-score,0.9732690596085036
WOA,LightGBM,presicion,0.982329811357167
WOA,LightGBM,recall,0.9602758962022548
WOA,LightGBM,f1-score,0.9710091154172906
WOA,LightGBM,presicion,0.9979338842975208
WOA,LightGBM,recall,0.9660194174757282
WOA,LightGBM,f1-score,0.9813768636141368
WOA,LightGBM,presicion,0.9982279976373302
WOA,LightGBM,recall,0.970873786407767
WOA,LightGBM,f1-score,0.984112426035503
WOA,LightGBM,presicion,0.9889148772781364
WOA,LightGBM,recall,0.9799897560442216
WOA,LightGBM,f1-score,0.9844054920546418
WOA,LightGBM,presicion,0.9774325155756262
WOA,LightGBM,recall,0.9599795120884432
WOA,LightGBM,f1-score,0.9685208307686896
WOA,LightGBM,presicion,0.9753002684753428
WOA,LightGBM,recall,0.983954972634826
WOA,LightGBM,f1-score,0.9795829911488274
WOA,LightGBM,presicion,0.9976401179941004
WOA,LightGBM,recall,0.9611650485436892
WOA,LightGBM,f1-score,0.978615247686803
WOA,LightGBM,presicion,0.9885207100591716
WOA,LightGBM,recall,0.9751353871121828
WOA,LightGBM,f1-score,0.9817221978291282
WOA,LightGBM,presicion,0.9889148772781364
WOA,LightGBM,recall,0.9799897560442216
WOA,LightGBM,f1-score,0.9844054920546418
WOA,LightGBM,presicion,0.983224852071006
WOA,LightGBM,recall,0.9699846340663324
WOA,LightGBM,f1-score,0.9764999686374504
WOA,LightGBM,presicion,0.9931249095382836
WOA,LightGBM,recall,0.9705774022939556
WOA,LightGBM,f1-score,0.9815512552655484
WOA,LightGBM,presicion,0.9979338842975208
WOA,LightGBM,recall,0.9660194174757282
WOA,LightGBM,f1-score,0.9813768636141368
WOA,LightGBM,presicion,0.9985224586288416
WOA,LightGBM,recall,0.9757281553398058
WOA,LightGBM,f1-score,0.9868223251896776
WOA,LightGBM,presicion,0.9982279976373302
WOA,LightGBM,recall,0.970873786407767
WOA,LightGBM,f1-score,0.984112426035503
WOA,LightGBM,presicion,0.9827787036539256
WOA,LightGBM,recall,0.9651302651342936
WOA,LightGBM,f1-score,0.973767358973908
WOA,LightGBM,presicion,0.9985224586288416
WOA,LightGBM,recall,0.9757281553398058
WOA,LightGBM,f1-score,0.9868223251896776
WOA,LightGBM,presicion,0.9931249095382836
WOA,LightGBM,recall,0.9705774022939556
WOA,LightGBM,f1-score,0.9815512552655484
WOA,LightGBM,presicion,0.9938165680473372
WOA,LightGBM,recall,0.9802861401580332
WOA,LightGBM,f1-score,0.9869444270208058
WOA,LightGBM,presicion,0.9985224586288416
WOA,LightGBM,recall,0.9757281553398058
WOA,LightGBM,f1-score,0.9868223251896776
WOA,LightGBM,presicion,0.9889148772781364
WOA,LightGBM,recall,0.9799897560442216
WOA,LightGBM,f1-score,0.9844054920546418
WOA,RandomForest,presicion,0.958484014526046
WOA,RandomForest,recall,0.8480326425377387
WOA,RandomForest,f1-score,0.8947058823529412
WOA,RandomForest,presicion,0.9074365741529032
WOA,RandomForest,recall,0.9406742594713428
WOA,RandomForest,f1-score,0.9233007360309616
WOA,RandomForest,presicion,0.9037999799473354
WOA,RandomForest,recall,0.9403778753575314
WOA,RandomForest,f1-score,0.9211696833575548
WOA,RandomForest,presicion,0.8943234968263758
WOA,RandomForest,recall,0.9158096465835256
WOA,RandomForest,f1-score,0.9047360283242952
WOA,RandomForest,presicion,0.9612364461203938
WOA,RandomForest,recall,0.867450118265894
WOA,RandomForest,f1-score,0.9083320530547448
WOA,RandomForest,presicion,0.9626822362520444
WOA,RandomForest,recall,0.95423599081497
WOA,RandomForest,f1-score,0.9584146454790446
WOA,RandomForest,presicion,0.9484207083077364
WOA,RandomForest,recall,0.823464413763733
WOA,RandomForest,f1-score,0.8745126054908663
WOA,RandomForest,presicion,0.8965823635220944
WOA,RandomForest,recall,0.8159425878073907
WOA,RandomForest,f1-score,0.8510395862139601
WOA,RandomForest,presicion,0.9818002269557607
WOA,RandomForest,recall,0.8200919654007517
WOA,RandomForest,f1-score,0.8826634466103157
WOA,RandomForest,presicion,0.9422131922131922
WOA,RandomForest,recall,0.8231680296499215
WOA,RandomForest,f1-score,0.8722131187005151
WOA,RandomForest,presicion,0.9369388161450284
WOA,RandomForest,recall,0.7652119865792669
WOA,RandomForest,f1-score,0.8274618723938996
WOA,RandomForest,presicion,0.93093853820598
WOA,RandomForest,recall,0.7985998008759158
WOA,RandomForest,f1-score,0.8511904256961611
WOA,RandomForest,presicion,0.9449005886365358
WOA,RandomForest,recall,0.8040469380355776
WOA,RandomForest,f1-score,0.8595302434763621
WOA,RandomForest,presicion,0.941092530657748
WOA,RandomForest,recall,0.7846294623074223
WOA,RandomForest,f1-score,0.8438633952995032
WOA,RandomForest,presicion,0.958541592675046
WOA,RandomForest,recall,0.8046397062632006
WOA,RandomForest,f1-score,0.8641366223908918
WOA,RandomForest,presicion,0.9652694066004048
WOA,RandomForest,recall,0.853183395583589
WOA,RandomForest,f1-score,0.9005555555555556
WOA,RandomForest,presicion,0.9627017496270176
WOA,RandomForest,recall,0.8337659198554337
WOA,RandomForest,f1-score,0.8864637859203077
WOA,RandomForest,presicion,0.9686987156335344
WOA,RandomForest,recall,0.92570254545036
WOA,RandomForest,f1-score,0.946024509094418
WOA,RandomForest,presicion,0.9323777857656362
WOA,RandomForest,recall,0.8322839992863762
WOA,RandomForest,f1-score,0.8748900797927243
WOA,RandomForest,presicion,0.9342086760880264
WOA,RandomForest,recall,0.7843330781936108
WOA,RandomForest,f1-score,0.8416366124910879
WOA,RandomForest,presicion,0.9383720930232556
WOA,RandomForest,recall,0.8037505539217661
WOA,RandomForest,f1-score,0.857264285871828
WOA,RandomForest,presicion,0.9095084070313352
WOA,RandomForest,recall,0.8453651855134352
WOA,RandomForest,f1-score,0.8743171701001249
WOA,RandomForest,presicion,0.9524374942104776
WOA,RandomForest,recall,0.8091976910814279
WOA,RandomForest,f1-score,0.8656376241947811
WOA,RandomForest,presicion,0.9484207083077364
WOA,RandomForest,recall,0.823464413763733
WOA,RandomForest,f1-score,0.8745126054908663
WOA,RandomForest,presicion,0.8978752111399497
WOA,RandomForest,recall,0.9446394760619472
WOA,RandomForest,f1-score,0.9197482810481225
WOA,RandomForest,presicion,0.94207445686564
WOA,RandomForest,recall,0.7894838312394611
WOA,RandomForest,f1-score,0.8478469414130059
WOA,RandomForest,presicion,0.958484014526046
WOA,RandomForest,recall,0.8480326425377387
WOA,RandomForest,f1-score,0.8947058823529412
WOA,RandomForest,presicion,0.9507887145814744
WOA,RandomForest,recall,0.7994889532173503
WOA,RandomForest,f1-score,0.8579610143177505
WOA,RandomForest,presicion,0.9427300508368082
WOA,RandomForest,recall,0.8568522280603819
WOA,RandomForest,f1-score,0.8945508100147276
WOA,RandomForest,presicion,0.906764124089352
WOA,RandomForest,recall,0.8881653535603502
WOA,RandomForest,f1-score,0.8972141364794848
WOA,RandomForest,presicion,0.9249704142011834
WOA,RandomForest,recall,0.9133263505619788
WOA,RandomForest,f1-score,0.9190554475289958
